Model,A_Selection_Rate_Pct,CI_Lower_95_Pct,CI_Upper_95_Pct
llama-3.3-70b,52.826086956521735,51.328502415458935,54.32427536231883
gpt-4o,53.526570048309175,52.1256038647343,55.09722222222222
claude-3.5-sonnet,58.26086956521739,56.64251207729468,59.734299516908216
deepseek-chat,55.893719806763286,54.32246376811594,57.44021739130434
