Model,A_Selection_Rate_Pct,CI_Lower_95_Pct,CI_Upper_95_Pct
llama-3.3-70b,49.1957436278149,48.118658747834694,50.28458302400396
gpt-4o,52.41925504269274,51.268407375324834,53.44697438435837
claude-3.5-sonnet,56.59980188211986,55.48538880633978,57.689759782070325
deepseek-v4-flash,53.37013737321864,52.253177558094755,54.51309539093594
