Model,A_Selection_Rate_Pct,CI_Lower_95_Pct,CI_Upper_95_Pct
llama-3.3-70b,49.714860784971485,48.47366655484737,51.03991949010399
gpt-4o,51.52933311047969,50.274945679425045,52.749874644827
claude-3.5-sonnet,55.29273611810099,53.950260023485995,56.55175306156684
deepseek-v4-flash,55.893719806763286,54.32306763285024,57.463768115942024
