,claude-3.5-sonnet,deepseek-v4-flash,gpt-4o,llama-3.3-70b
claude-3.5-sonnet,100.0,80.3072625698324,81.47695530726257,80.0104748603352
deepseek-v4-flash,80.3072625698324,100.0,81.3722067039106,79.73114525139665
gpt-4o,81.47695530726257,81.3722067039106,100.0,83.20530726256983
llama-3.3-70b,80.0104748603352,79.73114525139665,83.20530726256983,100.0
