persona_type,all_agree
demographic,70.75962539021852
biographical,62.618296529968454
interview,63.60294117647059
