persona_type,all_agree
demographic,73.77551020408163
biographical,65.64102564102564
interview,62.21995926680245
