,claude-3.5-sonnet,deepseek-chat,gpt-4o,llama-3.3-70b
claude-3.5-sonnet,100.0,80.69458631256384,83.82703438883215,81.81818181818183
deepseek-chat,80.69458631256384,100.0,80.18386108273748,79.33265236636024
gpt-4o,83.82703438883215,80.18386108273748,100.0,85.05277494041539
llama-3.3-70b,81.81818181818183,79.33265236636024,85.05277494041539,100.0
