model,ab_order,A,B,total,A_pct,B_pct
claude-3.5-sonnet,original,350,225,575,60.86956521739131,39.130434782608695
claude-3.5-sonnet,swapped,395,180,575,68.69565217391305,31.30434782608696
deepseek-chat,original,306,269,575,53.21739130434783,46.78260869565217
deepseek-chat,swapped,381,194,575,66.26086956521739,33.73913043478261
gpt-4o,original,350,225,575,60.86956521739131,39.130434782608695
gpt-4o,swapped,383,192,575,66.6086956521739,33.39130434782609
llama-3.3-70b,original,349,226,575,60.69565217391304,39.30434782608695
llama-3.3-70b,swapped,362,213,575,62.95652173913043,37.04347826086957
