model,total_pairs,consistent_variant,consistent_position,variant_consistency_pct,position_consistency_pct
claude-3.5-sonnet,575,45,530,7.82608695652174,92.17391304347827
deepseek-chat,575,101,474,17.565217391304348,82.43478260869566
gpt-4o,575,93,482,16.17391304347826,83.82608695652173
llama-3.3-70b,575,87,488,15.130434782608695,84.86956521739131
